{"federated_evaluate_loss":1.5485509157180786,"federated_evaluate_accuracy":44.38,"_wandb":{"runtime":273},"centralized_loss":1.5329916674620028,"centralized_accuracy":44.4,"_timestamp":1.7384353107126038e+09,"_runtime":273.351024,"_step":15}