{"federated_evaluate_accuracy":45.85,"federated_evaluate_loss":1.5095311902463435,"_wandb":{"runtime":350},"centralized_loss":1.4923620178441332,"centralized_accuracy":46.35,"_timestamp":1.738437479178672e+09,"_runtime":350.596526,"_step":15}