{"_runtime":381.25775,"_step":15,"federated_evaluate_loss":1.5140403136610985,"federated_evaluate_accuracy":47.21,"_wandb":{"runtime":381},"centralized_loss":1.502457595175239,"centralized_accuracy":46.81,"_timestamp":1.738437962987634e+09}